,time,result,fleet size
0,131.71203923225403,369.56976982647365,3
